Timestamp,URL
Sat Mar 22 17:02:09 2025,https://www.kidfriendlysite.com
Sat Mar 22 17:02:36 2025,https://www.education.com
Sat Mar 22 17:06:33 2025,https://www.kidfriendlysite.com
Sat Mar 22 17:26:31 2025,https://www.kidfriendlysite.com
Sat Mar 22 17:28:19 2025,https://www.kidfriendlysite.com
Sat Mar 22 17:28:42 2025,https://www.education.com
Sat Mar 22 17:31:49 2025,https://www.kidfriendlysite.com
Sat Mar 22 17:31:52 2025,https://www.kidfriendlysite.com
Sat Mar 22 17:43:26 2025,https://www.kidfriendlysite.com
Sat Mar 22 17:43:56 2025,https://www.education.com
Sat Mar 22 17:43:58 2025,https://www.education.com
